window_from,window,event,type,to,overlap,size_from,size_to,internal,with
2023-12,2024-01,survive,0,[0],0.9218436873747495,499,497.0,,[]
2023-12,2024-01,survive,1,[1],0.839541547277937,349,525.0,grow,[]
2023-12,2024-01,survive,2,[2],1.0,50,66.0,grow,[]
2023-12,2024-01,survive,3,[3],0.9571865443425076,327,314.0,,[]
2023-12,2024-01,survive,4,[4],0.7445255474452555,137,117.0,shrink,[]
2023-12,2024-01,survive,5,[5],0.6697247706422018,654,497.0,shrink,[]
2024-01,2024-02,survive,0,[0],0.9577464788732394,497,507.0,,[]
2024-01,2024-02,survive,1,[1],0.9333333333333333,525,571.0,grow,[]
2024-01,2024-02,survive,2,[2],0.9242424242424242,66,63.0,,[]
2024-01,2024-02,survive,3,[3],0.9936305732484076,314,315.0,,[]
2024-01,2024-02,survive,4,[4],0.8803418803418803,117,116.0,,[]
2024-01,2024-02,survive,5,[5],0.8350100603621731,497,444.0,shrink,[]
2024-02,2024-03,survive,0,[0],0.863905325443787,507,454.0,shrink,[]
2024-02,2024-03,survive,1,[1],0.8739054290718039,571,575.0,,[]
2024-02,2024-03,survive,2,[2],0.9841269841269841,63,85.0,grow,[]
2024-02,2024-03,survive,3,[3],0.9714285714285714,315,308.0,,[]
2024-02,2024-03,survive,4,[4],0.8189655172413793,116,285.0,grow,[]
2024-02,2024-03,survive,5,[5],0.6216216216216216,444,309.0,shrink,[]
2024-03,2024-04,survive,0,[0],0.7907488986784141,454,383.0,shrink,[]
2024-03,2024-04,survive,1,[1],0.8921739130434783,575,581.0,,[]
2024-03,2024-04,survive,2,[2],0.8941176470588236,85,78.0,shrink,[]
2024-03,2024-04,survive,3,[3],0.9902597402597403,308,308.0,,[]
2024-03,2024-04,survive,4,[4],0.6175438596491228,285,308.0,grow,[]
2024-03,2024-04,survive,5,[5],0.889967637540453,309,358.0,grow,[]
2024-04,2024-05,survive,0,[0],0.9530026109660574,383,377.0,,[]
2024-04,2024-05,survive,1,[1],0.8984509466437177,581,546.0,shrink,[]
2024-04,2024-05,survive,2,[2],0.8974358974358975,78,72.0,shrink,[]
2024-04,2024-05,survive,3,[3],0.9967532467532467,308,314.0,,[]
2024-04,2024-05,survive,4,[4],0.8798701298701299,308,307.0,,[]
2024-04,2024-05,survive,5,[5],0.9608938547486033,358,400.0,grow,[]
2024-05,2024-06,survive,0,[0],0.9283819628647215,377,453.0,grow,[]
2024-05,2024-06,survive,1,[1],0.7728937728937729,546,536.0,,[]
2024-05,2024-06,survive,2,[2],0.9444444444444444,72,84.0,grow,[]
2024-05,2024-06,survive,3,[3],0.9745222929936306,314,315.0,,[]
2024-05,2024-06,split,4,"[0, 4]",0.745928338762215,307,,,[]
2024-05,2024-06,survive,5,[5],0.675,400,329.0,shrink,[]
2024-06,2024-07,survive,0,[0],0.9381898454746137,453,494.0,grow,[]
2024-06,2024-07,survive,1,[1],0.8264925373134329,536,600.0,grow,[]
2024-06,2024-07,survive,2,[2],0.5833333333333334,84,50.0,shrink,[]
2024-06,2024-07,survive,3,[3],1.0,315,324.0,,[]
2024-06,2024-07,split,4,"[1, 4]",0.7591973244147157,299,,,[]
2024-06,2024-07,survive,5,[5],0.8632218844984803,329,389.0,grow,[]
2024-07,2024-08,survive,0,[0],0.9230769230769231,494,510.0,,[]
2024-07,2024-08,survive,1,[1],0.785,600,538.0,shrink,[]
2024-07,2024-08,survive,2,[2],0.96,50,58.0,grow,[]
2024-07,2024-08,survive,3,[3],0.9938271604938271,324,334.0,,[]
2024-07,2024-08,survive,4,[4],0.8238993710691824,159,202.0,grow,[]
2024-07,2024-08,survive,5,[5],0.781491002570694,389,374.0,,[]
2024-08,2024-09,survive,0,[0],0.9705882352941176,510,511.0,,[]
2024-08,2024-09,survive,1,[1],0.9349442379182156,538,525.0,,[]
2024-08,2024-09,survive,2,[2],0.9482758620689655,58,55.0,shrink,[]
2024-08,2024-09,survive,3,[3],0.9970059880239521,334,336.0,,[]
2024-08,2024-09,survive,4,[4],0.7574257425742574,202,159.0,shrink,[]
2024-08,2024-09,survive,5,[5],0.9705882352941176,374,430.0,grow,[]
2024-09,2024-10,survive,0,[0],0.9393346379647749,511,491.0,,[]
2024-09,2024-10,survive,1,[1],0.9295238095238095,525,535.0,,[]
2024-09,2024-10,survive,2,[2],0.9454545454545454,55,54.0,,[]
2024-09,2024-10,survive,3,[3],0.9791666666666666,336,329.0,,[]
2024-09,2024-10,survive,4,[4],0.949685534591195,159,165.0,,[]
2024-09,2024-10,survive,5,[5],0.9465116279069767,430,442.0,,[]
2024-10,2024-11,survive,0,[0],0.9857433808553971,491,504.0,,[]
2024-10,2024-11,survive,1,[1],0.9607476635514018,535,589.0,grow,[]
2024-10,2024-11,survive,2,[2],0.9444444444444444,54,51.0,shrink,[]
2024-10,2024-11,survive,3,[3],0.9787234042553191,329,323.0,,[]
2024-10,2024-11,survive,4,[4],0.806060606060606,165,142.0,shrink,[]
2024-10,2024-11,survive,5,[5],0.8529411764705882,442,407.0,shrink,[]
2024-11,2024-12,survive,0,[0],0.9563492063492064,504,493.0,,[]
2024-11,2024-12,survive,1,[1],0.933786078098472,589,600.0,,[]
2024-11,2024-12,survive,2,[2],0.9803921568627451,51,50.0,,[]
2024-11,2024-12,survive,3,[3],0.9907120743034056,323,321.0,,[]
2024-11,2024-12,survive,4,[4],0.9507042253521126,142,148.0,,[]
2024-11,2024-12,survive,5,[5],0.9090909090909091,407,404.0,,[]
