window_end,SW,MQ,ARI_prev,min_jaccard_to_main,mean_jaccard_to_main
2023-12,0.20017868393677493,0.39656936790600333,0.5608685531121207,0.3814262023217247,0.6991966649225789
2024-01,0.19342012458955973,0.4104469235652575,0.6283536530987845,0.6221864951768489,0.7583539356696515
2024-02,0.19714789384929596,0.40328580307809014,0.8060166486805727,0.620583717357911,0.7357009639773042
2024-03,0.19968469125497224,0.3787726049903976,0.6860508184369786,0.2476489028213166,0.590766148449734
2024-04,0.2020141288394582,0.4142246113778347,0.6923753114971188,0.16298342541436464,0.5457582598919704
2024-05,0.20640206476772435,0.4045317239121083,0.8384527831416778,0.13821138211382114,0.5209924821877802
2024-06,0.20512637766539338,0.34385060671593914,0.5650611961971627,0.21176470588235294,0.5905746088028724
2024-07,0.20815921359048695,0.34450386707940867,0.6293819087128804,0.4758942457231726,0.7095303340805755
2024-08,0.2140566294184075,0.3688638443665529,0.6911493435337315,0.3577586206896552,0.6126064662290901
2024-09,0.21582772607129252,0.38295694231827726,0.8743495180512921,0.4702702702702703,0.6583903092929367
2024-10,0.21217928209289497,0.38910321683874205,0.8645867196456062,0.45549738219895286,0.6701690384875537
2024-11,0.21366957578932266,0.37196637646932457,0.8426916149073211,0.4899845916795069,0.6981143924310738
2024-12,0.2112695997742075,0.3575663563483088,0.8617676976125154,0.5157232704402516,0.7176636270694446
