k,min_size,SW,CH,S_Dbw,Scat,Dens_bw,S_Dbw_zero_density_clusters,S_Dbw_skipped_pairs,AVI,AVU,ANUI,MQ,stability_ARI,V:arctic_any,V:far_north_or_equated,V:monotown,V:onp_agglomeration_core,V:regional_capital,eta2:log_pop,external_mean,copeland_with_gmm
4,259,0.16929477583385386,463.82614437419727,0.815748248038351,0.7407566740578994,0.07499157398045163,1,0,0.6266138503758502,0.5897507006527858,0.4575340075568942,0.3868357630919196,0.856312885691184,0.2877050598817817,0.47003102911480843,0.23997701740629163,0.183339828134653,0.17803403362805076,0.4594763950000871,0.30309389386094543,-2.0
5,208,0.15893261807375672,412.1466703301555,0.7549061294109698,0.6797411129093196,0.07516501650165017,2,2,0.5995859623285323,0.5285180098672266,0.45530383025911203,0.4006900103045551,0.7618587741103106,0.3241984655098935,0.5798637168590719,0.21631734888684537,0.2613059045643087,0.23856468620927165,0.4196919867152712,0.33999035145744366,-14.0
6,104,0.14111530366765926,357.51013119145034,0.8021169467731301,0.7313768435029063,0.07074010327022376,3,6,0.5568918211706649,0.5112503011169339,0.4334763016279654,0.39818682542204253,0.5849918833211089,0.33669518752909944,0.6026912151626213,0.20545563644063694,0.30711065745093596,0.2890578185936946,0.49995247651978925,0.37349383194946295,-34.0
7,79,0.11150912000826414,326.5236422710508,0.7542628168518867,0.6638386690506897,0.090424147801197,4,12,0.5139525168515251,0.48686264410686014,0.4110882539549064,0.3770199588406439,0.5558341136247662,0.4722489132746053,0.6346798056188979,0.19504643676582276,0.31430564005411193,0.29212519578979973,0.4466932938845054,0.3925165475646238,-36.0
8,28,0.11331931039167152,317.2819451380743,0.7041273743119355,0.6551855753701366,0.04894179894179895,5,20,0.4724287860484339,0.4752245074686017,0.38581055887938304,0.3756627910074684,0.6062891662854702,0.5161465567486117,0.6501494481323508,0.22571107204184881,0.31891688395095524,0.2956648237403426,0.5006673211676744,0.4178760176302972,-28.0
9,77,0.08110014740235073,289.51744636057924,0.6348776836496256,0.6058921764032488,0.028985507246376815,6,30,0.4405039128688464,0.4875812365237707,0.3626198898390834,0.369569355042213,0.6099011549601439,0.4517640913038618,0.6495639366621097,0.26539292730642916,0.32142368092839835,0.29473641638522163,0.49346283287322174,0.4127239809098737,-38.0
10,7,0.09091259491616349,261.56078383455326,0.6526907641818321,0.651657172450566,0.0010335917312661498,8,56,0.38756177145717613,0.4731496821109723,0.3275055330923721,0.35892511120637893,0.46954356007550285,0.4833916777064328,0.6398807918351356,0.23740487969768667,0.3139999327725126,0.29906680687628756,0.5078448968341979,0.41359816428704216,
11,26,0.048568348685338734,257.47070888541657,0.6134894429146083,0.6043985338236992,0.00909090909090909,9,72,0.40767640145825956,0.4655416093211795,0.34264558372875326,0.34316479867289923,0.47439670640420595,0.5010265567331895,0.6220648163831449,0.28132823166308996,0.34092735021546805,0.33876441223690296,0.5143117564034759,0.43307052060587853,-34.0
12,26,0.0737322647063966,255.6484014977742,0.5622402745820929,0.5584523957942141,0.003787878787878788,9,72,0.4074800252720567,0.47531241560288723,0.34136445085836464,0.35808230293269755,0.4420733406393329,0.5745494992937447,0.6953165139418196,0.28738567219485517,0.3365252044418318,0.32953677822770844,0.5147215639553329,0.45633920534254874,-32.0
