net_share,min_size,SW,CH,S_Dbw,Scat,Dens_bw,S_Dbw_zero_density_clusters,S_Dbw_skipped_pairs,AVI,AVU,ANUI,MQ,stability_ARI
0.0,45,0.20889846102886736,557.085793301701,0.7611739580727764,0.5528406247394431,0.20833333333333334,3,6,0.5332960704832189,0.49433464064948246,0.42203608191219816,0.3768311846377337,0.8737602892381895
0.1,45,0.20786812197670895,556.9970904116219,0.7573863908977861,0.5520530575644528,0.20533333333333334,3,6,0.5415213774420781,0.49222726196804084,0.427555722081558,0.38759230444486165,0.8300732434684741
0.2,45,0.2077762038394294,556.877441821051,0.7565720605291448,0.5514438554009398,0.20512820512820512,4,12,0.5443120393649422,0.4910011415034712,0.42951957000056223,0.39107335605952076,0.8398229543933116
0.3,47,0.20716987303765508,555.9031760452594,0.7553601403263147,0.5505116554778299,0.20484848484848486,4,12,0.5511378080121683,0.4936010863999796,0.4332700589682399,0.40086475393803755,0.8205077712968512
0.4,46,0.2058027327943229,554.952676527706,0.7531863899183673,0.5496149613469388,0.20357142857142857,3,6,0.5605808069572706,0.4936590129100647,0.43907347243427985,0.4092502817519557,0.7783562120922294
0.5,48,0.2031411270330609,551.9079999828938,0.7761705442196033,0.5495038775529366,0.22666666666666666,3,6,0.5683906209433839,0.4911392661985435,0.4443471390631371,0.4194288550686099,0.7320913714122944
0.6,85,0.11252854674534106,476.7359207178029,0.7486769240550647,0.49579148047194666,0.25288544358311804,1,0,0.7046344983649256,0.44129054227058134,0.5374997392545946,0.4685738717377481,0.6938551414603867
0.7,88,0.10634665571961639,455.3899973284778,0.8052597936190651,0.49486843059612307,0.31039136302294196,1,0,0.7247948142302559,0.4168169398295309,0.5566324040850413,0.4696786886095278,0.6193866881085932
0.8,81,0.12445213589009958,382.4880064964759,0.6634450802816942,0.48232227326415034,0.18112280701754385,1,0,0.796019083817484,0.4100433953728871,0.6001339435722528,0.5346873505717337,0.7815256176015742
