method,k,min_size,SW,CH,S_Dbw,Scat,Dens_bw,S_Dbw_zero_density_clusters,S_Dbw_skipped_pairs,AVI,AVU,ANUI,MQ,stability_ARI,V:arctic_any,V:far_north_or_equated,V:monotown,V:onp_agglomeration_core,V:regional_capital,eta2:log_pop,external_mean,copeland
kmeans,4,81,0.23132273974560097,679.4693481030454,0.7598014375110976,0.6708606275422503,0.08894080996884735,1,0,0.6926273025882153,0.5314161732889071,0.5062793615968522,0.4144329699120135,0.8974829188601683,0.4845648980347138,0.5854077005492407,0.2345590374990117,0.17700824215281005,0.19736232119147043,0.3951615875162806,0.34567729782392115,20.0
ward,4,25,0.233583852997681,573.5502538584502,0.7270649505876718,0.6437316172543385,0.08333333333333333,1,0,0.6735327762502437,0.5040721228537735,0.5028206065136477,0.3910500074264749,0.5847587716355277,0.4941776733994564,0.5052635259058789,0.21047649688081443,0.19416419605398197,0.2207690275605768,0.4201437746883285,0.3408324490815062,4.0
spectral,4,99,0.12098495088619755,379.43291585055556,0.7431285016584792,0.4339985138068766,0.30912998785160267,1,0,0.9024734307886063,0.5492636302518984,0.6033803203814758,0.5597840022397483,0.8367356691204707,0.16867744120239342,0.2687837197502559,0.18372274307168746,0.22441212724549495,0.23966171757851956,0.35615541931897315,0.2402355280278874,-2.0
leiden,4,103,0.02145788000774452,202.61650400421155,1.0556390806098752,0.6637253339791473,0.3919137466307278,0,0,0.9214720169183589,0.5581388180361782,0.6085097776738227,0.6246069065827192,0.7551605404277217,0.07682822057405726,0.1494841441534975,0.11226253586381069,0.21272233436167706,0.19008397197827098,0.2493641530263048,0.16512422665960305,-34.0
kefrin,4,85,0.23503167811059178,676.1109949239848,0.730857574054854,0.6576134268976633,0.07324414715719064,1,0,0.7245257664656884,0.5324350343542452,0.5228353030343899,0.4455056356604202,0.9747925114693119,0.4860121707789551,0.5986768902194726,0.22951148041743985,0.181254114235996,0.1835216105807581,0.3820118805976112,0.34349802447170547,26.0
kmeans,5,78,0.20120259907985394,608.400887655035,0.7074963136872865,0.5906288438077685,0.11686746987951806,1,0,0.6036486773495883,0.5315439904663075,0.4570098378673965,0.3901033998100635,0.8264713984007033,0.46450662439879814,0.5829141976983517,0.2648746195806466,0.1911214665414353,0.20360746065321647,0.41864205593288645,0.3542777374675558,8.0
ward,5,25,0.19590957535965337,507.15894721612165,0.7211551075709909,0.6813504677663511,0.0398046398046398,2,2,0.6177015103741696,0.4866955061168056,0.47492392124454463,0.39836629511839106,0.5116098435181251,0.5581652802438246,0.6744237471757036,0.2331020409587967,0.19519269841599537,0.22191426647346305,0.4386150842908855,0.3869021862597781,-10.0
spectral,5,99,0.09322574450243314,370.2147810000092,0.6952504604809919,0.49865955139008283,0.1965909090909091,1,0,0.8554682278215223,0.5048137211599437,0.5974557205787088,0.5946724927218796,0.9444258696823302,0.3700157224498748,0.597232296347599,0.19269745859167442,0.2714603710145367,0.26366811102515486,0.4506025180947376,0.3576127462539296,16.0
leiden,5,102,0.01115996169486943,196.49471459203127,0.7732515386400205,0.5315442215668498,0.24170731707317072,1,0,0.9117252076739607,0.49977941054628017,0.6263305142691177,0.6514327008809472,0.8759453955054488,0.06175236906922303,0.1333579481057593,0.14078584555409696,0.21374554276821942,0.20645250587295272,0.26636920170908096,0.1704105688465554,-16.0
kefrin,5,85,0.19894258293055922,605.7227784620925,0.7116853541581114,0.5804353541581114,0.13125,1,0,0.6366436502455199,0.5250400639862068,0.47714989359465565,0.42363194601807386,0.8924543393597532,0.48562544010714653,0.5996560018729639,0.24965397329675718,0.2174034327537519,0.21614728219817542,0.419123068749112,0.36460153316298444,16.0
kmeans,6,45,0.20889846102886736,557.085793301701,0.7611739580727764,0.5528406247394431,0.20833333333333334,3,6,0.5332960704832189,0.49433464064948246,0.42203608191219816,0.3768311846377337,0.8737602892381895,0.6010646085983417,0.513020217080006,0.28101146847922653,0.18395572888473322,0.19655019457836315,0.41796214860976055,0.36559406103840514,16.0
ward,6,25,0.15791012108222674,462.92102674557935,0.7440878774103961,0.6315274909369661,0.11256038647342995,3,6,0.5347721477564267,0.4824416382569074,0.42509832982167883,0.35182801907846345,0.4248721540531557,0.5581837837332179,0.6744481980423074,0.27310940833214586,0.19553273305358432,0.2219296678386404,0.43982591390687437,0.39383828415112837,-28.0
spectral,6,95,0.06158477971990013,289.9109443959588,0.6689620863791488,0.5007081181251806,0.16825396825396824,1,0,0.8497711924131236,0.48058615796215437,0.603364291651931,0.6375095126951251,0.9307428911268844,0.3649630216586735,0.5780635886711265,0.18944416201495778,0.27695017211845513,0.26283073317728733,0.42314148339389895,0.3492321935057332,12.0
leiden,6,102,0.011274777321179638,218.64654166333753,0.8715030510665597,0.5826568972204058,0.28884615384615386,1,0,0.880142789621572,0.49819134591145736,0.6118563224568799,0.6779709778231,0.8282177884517136,0.41247247313202184,0.5592568859204762,0.17377794383146358,0.2193009970229267,0.20502172698147617,0.28056768290113004,0.3083996182982491,-16.0
kefrin,6,46,0.2058027327943229,554.952676527706,0.7531863899183673,0.5496149613469388,0.20357142857142857,3,6,0.5605808069572706,0.4936590129100647,0.43907347243427985,0.4092502817519557,0.7783562120922294,0.5938444468454414,0.5156207355934892,0.2680044785488069,0.2192499660157073,0.21591434329496184,0.43117336111260046,0.37396788856850116,20.0
kmeans,7,45,0.19247878923846615,516.7198444558611,0.6564253235403917,0.5108470922478747,0.14557823129251699,4,12,0.48861402770598666,0.4812663746271188,0.39558971984543195,0.3666950547032211,0.8511994580260781,0.6013540223345922,0.5152749271872066,0.29367460449229454,0.22069127422258106,0.2184417574489311,0.44585330028103565,0.38254831432777353,12.0
ward,7,25,0.16848034538323373,434.6820051366252,0.5662232685967007,0.5594205475082653,0.006802721088435374,5,20,0.5055156788618618,0.4519352644633533,0.41150345138685523,0.35060978936148585,0.42642432239801353,0.6218646518366274,0.6970459388251298,0.28100896561586836,0.19861497391348915,0.23379451406883286,0.4567053767495439,0.41483907016824856,-4.0
spectral,7,95,0.03513826504691332,282.2891592182464,0.7654562429751839,0.4914426375330071,0.27401360544217684,2,2,0.7904473823207694,0.47346345042184634,0.5751854206445441,0.6105733729562359,0.4968749613375225,0.3941680123753435,0.6412543549760771,0.24613417563979895,0.2959187121164001,0.2873197307321661,0.4526091580889758,0.38623402398812695,-22.0
leiden,7,50,-0.005471100153179315,183.4336828562096,0.7057690473484333,0.5507906923700783,0.15497835497835497,2,2,0.8516063376111516,0.4776183345153366,0.605374583916993,0.6808190247715621,0.7169175067974307,0.3732004055456385,0.5065524399153845,0.19212071964235533,0.23085678764507497,0.2193102288876967,0.30419349719232475,0.3043723464714125,-4.0
kefrin,7,46,0.19787573265375782,513.2394156939833,0.5598386460983241,0.509777596037274,0.050061050061050064,5,20,0.5136458944412642,0.4822337009408349,0.4116750669199869,0.3987341900007272,0.6069063161541973,0.5936495556762968,0.5223438568257796,0.27769009917486837,0.23121001513219658,0.22639897384060198,0.44337496455252956,0.38244457753371214,6.0
kmeans,8,27,0.19812842088159516,485.2052947675325,0.48561972050621227,0.4832387681252599,0.0023809523809523807,6,30,0.4864042047831914,0.47700136329813414,0.3948036506868876,0.3845657015074123,0.700262953464558,0.5918090847662499,0.7000586250636416,0.2930843695866679,0.25134878686645656,0.2384089788005902,0.4777302007890788,0.42540667431211415,24.0
ward,8,25,0.16788209076173694,410.08312281163995,0.5347422718859302,0.5304565576002158,0.004285714285714286,6,30,0.4591602024675605,0.4499265469301087,0.3805441988511064,0.3373087612003396,0.4001368421219363,0.6218646518366274,0.6970730156612432,0.28104330147571666,0.19956805847982861,0.23408921314021686,0.4622635221009891,0.4159836271157704,-2.0
spectral,8,61,0.05870548528336063,292.30218285274566,0.6578945141252819,0.5324378097043831,0.1254567044208988,4,12,0.7585877249228419,0.4505433108832156,0.5653606648721339,0.5965266155059754,0.669292274766309,0.42465835759640125,0.6334089888087454,0.26409107328261333,0.3098360625078323,0.2869692758379666,0.4819209121553811,0.40014744503148997,22.0
leiden,8,48,-0.04565666008568775,165.18863050256564,0.6576102560663877,0.5264808019964302,0.13112945406995752,4,12,0.819706113574783,0.48206377946522877,0.5875395083633618,0.683285129861347,0.6146725115935919,0.37172095591482407,0.5102738670268928,0.1966812239804336,0.23724344328537464,0.22662911697526264,0.32253042202787324,0.3108465048684435,-12.0
kefrin,8,39,0.18907024099953543,475.4192926719699,0.48075059755427124,0.47966834647202017,0.0010822510822510823,6,30,0.5018878354175542,0.4847410896553115,0.40367861794643434,0.42050877718407187,0.6129345866612274,0.6156148539915427,0.6509441125152761,0.2927736646879943,0.32933229007336756,0.31774141475600515,0.4921543030621491,0.4497601065143891,4.0
kmeans,9,27,0.19533747387631045,460.2369439970169,0.460869905377642,0.460869905377642,0.0,7,42,0.45046259396546123,0.4756612008547292,0.37097473570389494,0.37301678062563043,0.7712493122579527,0.5968163880498849,0.711708568035757,0.29806345018025016,0.2621509375704296,0.24889252268207665,0.485096303219945,0.43378802828972396,18.0
ward,9,25,0.13955495047685695,382.98956284981045,0.503957343754219,0.5024953554501254,0.0014619883040935672,7,42,0.4233487604875972,0.45228361721589283,0.35531523472413923,0.3306771902720925,0.4069377915187505,0.6219026956710814,0.6972891600657398,0.2880121411624987,0.19956805847982861,0.23418106918280399,0.46424758757132545,0.417533452022213,-6.0
spectral,9,59,0.03243212474587151,208.84023387861396,0.9828857661114203,0.7568756651013193,0.22601010101010102,4,12,0.709447733534318,0.4814983548602718,0.528808016753237,0.5779322673938678,0.6832777196711233,0.45673852898428974,0.6774556191515514,0.24296742642532915,0.31491730234578114,0.2855684869603719,0.4547037562738024,0.4053918533568543,-28.0
leiden,9,64,-0.02876448619797136,156.7785341286418,0.70007863624792,0.5704124087556055,0.12966622749231446,4,12,0.8003298562014183,0.521391661451417,0.5646921255835552,0.6865479836252051,0.7607129660415446,0.35314429311441836,0.4860335386872668,0.22954959313377898,0.25226733615656605,0.2433514706040451,0.367937373035754,0.3220472674553049,-18.0
kefrin,9,28,0.1265999816921564,424.17523659109736,0.48662369359317775,0.4437996195191037,0.04282407407407407,6,30,0.5505003081723596,0.45461169108593996,0.4403072973005397,0.44317379057266393,0.5774596117837054,0.5841491182927346,0.7136401405254438,0.2927522801280632,0.3082726194437603,0.29595807158853243,0.503774169012038,0.44975773316509543,22.0
kmeans,10,26,0.19596688114754324,436.3596546125524,0.4369835948114849,0.4369835948114849,0.0,8,56,0.4275260718305101,0.4797877009044095,0.3547575765247635,0.37321059552350017,0.6329429355158422,0.6149221190335147,0.7393803461091606,0.2909370912207164,0.2701706515059592,0.2565343582818556,0.4936060224504307,0.44425843143360616,18.0
ward,10,25,0.14305012682885743,361.5590650070341,0.4917377102170628,0.48877474725409986,0.002962962962962963,8,56,0.39599819275564585,0.4543781787015263,0.3356107623907208,0.3177092448940436,0.4185320074333613,0.6219174222296756,0.6975962000275069,0.31137197912523173,0.20208850834252948,0.23419848877116284,0.46438688811405077,0.42192658110169295,-12.0
spectral,10,60,0.029626805011989436,236.9489935980035,0.5487396247221924,0.4636968896794574,0.08504273504273503,6,30,0.7150713265224088,0.5202962963555219,0.5211704143946119,0.5882105949347787,0.7056682041208908,0.43305309448619383,0.6582029557697419,0.2602498873276629,0.3110445075287769,0.2716695717149726,0.4405137224540897,0.3957889565469063,-16.0
leiden,10,62,-0.03534587174155952,144.36774037030565,0.5787228228849488,0.5447722056009981,0.033950617283950615,8,56,0.7744878069446026,0.5192290387698716,0.5523626081038318,0.6821665262192721,0.7464421889793923,0.3578832639295551,0.47385805249287444,0.24181120259237215,0.25622708809822736,0.27863607729119616,0.39505080420344396,0.33391108143461157,-20.0
kefrin,10,26,0.1253107117548895,407.9627729711019,0.4584862916545207,0.42212265529088433,0.03636363636363637,8,56,0.5257265944208264,0.45301074444185546,0.42460318624206145,0.43809255332938224,0.5589231805474777,0.6166472059065904,0.7376491981555156,0.2882327292274726,0.3508978528496303,0.34564876731234223,0.5032344697409086,0.4737183705320766,20.0
kmeans,11,26,0.1899127959955742,413.0727831834264,0.42145896137313066,0.42145896137313066,0.0,10,90,0.3949748791769933,0.4717863685740309,0.3329345938231807,0.36265350890110004,0.6180245804129523,0.6103820091586265,0.7439090229645395,0.2868235008960052,0.27218310058108186,0.27116267554803297,0.5010397234561554,0.4475833387674069,14.0
ward,11,25,0.1453942780187812,342.45186319292,0.48526370736115115,0.4834455255429693,0.0018181818181818182,9,72,0.3641317720744548,0.44873022698001624,0.3129901427699858,0.3097646231473037,0.4246763503608132,0.6219174222296755,0.6977359275010878,0.31632839694864334,0.20208850834252945,0.23419848877116284,0.465395195182384,0.42294398982924714,-6.0
spectral,11,60,0.03670724760508122,227.71467183485638,0.5133903439241964,0.4591892419958217,0.054201101928374656,7,42,0.7115871415359436,0.5213251840710599,0.5190398222999001,0.5973209712041376,0.7939310891342167,0.47579600483100015,0.7296388322410365,0.26584653331249736,0.3067622025367626,0.2858797156404846,0.4727290719527555,0.42277539341908943,-4.0
leiden,11,58,-0.038907061077537615,129.58073873614606,0.62327960005011,0.5609614182319281,0.06231818181818182,8,56,0.7548648261030806,0.5005241827545555,0.5478657504568115,0.6760418447340305,0.682905719100376,0.36009626113440174,0.4961250342082303,0.2458367606629942,0.27057173218507696,0.23547711867274213,0.39023036678373363,0.33305621227452986,-28.0
kefrin,11,26,0.11363937624784924,370.36369920486754,0.45146733374145454,0.40096228323640404,0.050505050505050504,8,56,0.5492184224967047,0.4336625242787476,0.44357075858220607,0.45513761126424324,0.4925951294208052,0.6127617297544549,0.7441087055855667,0.3035407188417809,0.3367250056855766,0.3315384382507967,0.5113926972842062,0.4733445492337303,20.0
kmeans,12,26,0.1672558887707284,391.64362364547884,0.40647387195607326,0.405211245693447,0.0012626262626262625,11,110,0.37201083562799964,0.4730769948072775,0.3163384969001547,0.328166790709608,0.5365231714756625,0.6028504291040491,0.7246380344738301,0.3194073241481606,0.3616017178218261,0.36056981106268116,0.5172678651396926,0.48105586362503994,2.0
ward,12,25,0.10277109003376715,327.7996681764863,0.4828786903709855,0.4437372762295714,0.03914141414141414,9,72,0.3693663775031258,0.46439683469997545,0.315284768767281,0.2872081829001626,0.37127375291076525,0.6220363991862176,0.6979939258528215,0.31753631404158367,0.2835116001043588,0.3255877221077417,0.47489877383569734,0.45359412252140335,-14.0
spectral,12,34,0.03868840525986308,216.00718147573167,0.5277814645049915,0.4798016665251935,0.04797979797979798,8,56,0.676429814928433,0.5082079207684583,0.5033832651551111,0.5794988704011423,0.7421352221962476,0.550683214127945,0.6983984963308916,0.28633376723752535,0.3194708559335451,0.28065140707369624,0.4808496206270198,0.4360645602217705,-10.0
leiden,12,57,-0.05685686950441634,120.33770850705697,0.553456720240339,0.5340511258347446,0.019405594405594407,10,90,0.7363002071951258,0.504078459684416,0.5369934407699876,0.667249658200515,0.6839372483275377,0.36666754404398205,0.5075575822272279,0.24619913779017408,0.2984991483800361,0.3118946009370271,0.41720354530618864,0.35800359311410596,-24.0
kefrin,12,27,0.11317676695016515,357.71008593997794,0.42830325242354195,0.385373959494249,0.04292929292929293,9,72,0.5086358550657929,0.44357245354476466,0.4150039658201023,0.4339998925930154,0.5691405376224158,0.6075208549089756,0.7300160752394464,0.31746194949015055,0.33968817112403676,0.32653829344298957,0.5374786529223966,0.47645066618799925,16.0
