rep,attr,net,attr_sep,net_ratio,method,ari
0,слабый,слабый,1.2,1.5,k-means,0.1497362322868018
0,слабый,слабый,1.2,1.5,Leiden,0.0005656501013988846
0,слабый,слабый,1.2,1.5,Спектральный,0.05289320437943701
0,слабый,слабый,1.2,1.5,KEFRiN,0.1584035474009368
0,слабый,средний,1.2,2.5,k-means,0.1497362322868018
0,слабый,средний,1.2,2.5,Leiden,0.01617271067006336
0,слабый,средний,1.2,2.5,Спектральный,0.3058075019279311
0,слабый,средний,1.2,2.5,KEFRiN,0.15767815509532576
0,слабый,сильный,1.2,5.0,k-means,0.1497362322868018
0,слабый,сильный,1.2,5.0,Leiden,0.9680967065598314
0,слабый,сильный,1.2,5.0,Спектральный,0.8533316430172646
0,слабый,сильный,1.2,5.0,KEFRiN,0.16059880110680647
0,средний,слабый,1.8,1.5,k-means,0.3708400462376749
0,средний,слабый,1.8,1.5,Leiden,0.0026828247135576326
0,средний,слабый,1.8,1.5,Спектральный,0.2758112657590878
0,средний,слабый,1.8,1.5,KEFRiN,0.3755776502532115
0,средний,средний,1.8,2.5,k-means,0.3708400462376749
0,средний,средний,1.8,2.5,Leiden,0.010701997036763299
0,средний,средний,1.8,2.5,Спектральный,0.5790378490108032
0,средний,средний,1.8,2.5,KEFRiN,0.38110199280340873
0,средний,сильный,1.8,5.0,k-means,0.3708400462376749
0,средний,сильный,1.8,5.0,Leiden,0.9668901531051673
0,средний,сильный,1.8,5.0,Спектральный,0.9162250608430089
0,средний,сильный,1.8,5.0,KEFRiN,0.3824071004849155
0,сильный,слабый,2.6,1.5,k-means,0.6074707810902571
0,сильный,слабый,2.6,1.5,Leiden,0.004528816141132902
0,сильный,слабый,2.6,1.5,Спектральный,0.5578126538454469
0,сильный,слабый,2.6,1.5,KEFRiN,0.6103386719400452
0,сильный,средний,2.6,2.5,k-means,0.6074707810902571
0,сильный,средний,2.6,2.5,Leiden,0.00876536743778713
0,сильный,средний,2.6,2.5,Спектральный,0.7674911882816657
0,сильный,средний,2.6,2.5,KEFRiN,0.6118708459078773
0,сильный,сильный,2.6,5.0,k-means,0.6074707810902571
0,сильный,сильный,2.6,5.0,Leiden,0.9716117617690528
0,сильный,сильный,2.6,5.0,Спектральный,0.9530809390741867
0,сильный,сильный,2.6,5.0,KEFRiN,0.6266839760538916
1,слабый,слабый,1.2,1.5,k-means,0.11039493190601567
1,слабый,слабый,1.2,1.5,Leiden,0.0007348301521097345
1,слабый,слабый,1.2,1.5,Спектральный,0.04809410875279015
1,слабый,слабый,1.2,1.5,KEFRiN,0.1250303108807858
1,слабый,средний,1.2,2.5,k-means,0.11039493190601567
1,слабый,средний,1.2,2.5,Leiden,0.01033462167763455
1,слабый,средний,1.2,2.5,Спектральный,0.26807849464315964
1,слабый,средний,1.2,2.5,KEFRiN,0.11354119547766871
1,слабый,сильный,1.2,5.0,k-means,0.11039493190601567
1,слабый,сильный,1.2,5.0,Leiden,0.9727909791719523
1,слабый,сильный,1.2,5.0,Спектральный,0.8620478556156029
1,слабый,сильный,1.2,5.0,KEFRiN,0.1327706924916191
1,средний,слабый,1.8,1.5,k-means,0.38295308618346835
1,средний,слабый,1.8,1.5,Leiden,0.003448529761521884
1,средний,слабый,1.8,1.5,Спектральный,0.2548828450927385
1,средний,слабый,1.8,1.5,KEFRiN,0.3854857925468896
1,средний,средний,1.8,2.5,k-means,0.38295308618346835
1,средний,средний,1.8,2.5,Leiden,0.007003704731891418
1,средний,средний,1.8,2.5,Спектральный,0.5919087052827001
1,средний,средний,1.8,2.5,KEFRiN,0.38939082701944355
1,средний,сильный,1.8,5.0,k-means,0.38295308618346835
1,средний,сильный,1.8,5.0,Leiden,0.964553239088197
1,средний,сильный,1.8,5.0,Спектральный,0.9081328758861136
1,средний,сильный,1.8,5.0,KEFRiN,0.39263954227335923
1,сильный,слабый,2.6,1.5,k-means,0.6686176064538923
1,сильный,слабый,2.6,1.5,Leiden,0.002746967634320331
1,сильный,слабый,2.6,1.5,Спектральный,0.5764195806573382
1,сильный,слабый,2.6,1.5,KEFRiN,0.6707472112143831
1,сильный,средний,2.6,2.5,k-means,0.6686176064538923
1,сильный,средний,2.6,2.5,Leiden,0.010622837345024205
1,сильный,средний,2.6,2.5,Спектральный,0.8044383004865449
1,сильный,средний,2.6,2.5,KEFRiN,0.6676812515087802
1,сильный,сильный,2.6,5.0,k-means,0.6686176064538923
1,сильный,сильный,2.6,5.0,Leiden,0.9798273087858484
1,сильный,сильный,2.6,5.0,Спектральный,0.9517274154283544
1,сильный,сильный,2.6,5.0,KEFRiN,0.6831684074947685
