region,cashless_share_bin_1h2025,cashless_share_pct_1h2025
Алтайский край,82-88,
Амурская область,82-88,
Архангельская область,82-88,
Астраханская область,75-81,
Владимирская область,82-88,
Волгоградская область,75-81,
Вологодская область,75-81,
Еврейская автономная область,75-81,
Забайкальский край,82-88,
Ивановская область,75-81,
Иркутская область,82-88,
Кабардино-Балкарская Республика,<75,73
Калининградская область,82-88,
Калужская область,75-81,
Камчатский край,82-88,
Карачаево-Черкесская Республика,<75,
Кемеровская область,82-88,
Кировская область,82-88,
Костромская область,75-81,
Красноярский край,82-88,
Курганская область,82-88,
Ленинградская область,82-88,
Липецкая область,75-81,
Магаданская область,>=89,92
Москва,>=89,90
Московская область,82-88,
Мурманская область,82-88,
Ненецкий автономный округ,>=89,93
Нижегородская область,75-81,
Новгородская область,75-81,
Новосибирская область,82-88,
Омская область,82-88,
Оренбургская область,75-81,
Орловская область,75-81,
Пензенская область,82-88,
Пермский край,82-88,
Приморский край,75-81,
Псковская область,82-88,
Республика Адыгея,<75,73
Республика Алтай,82-88,
Республика Башкортостан,82-88,
Республика Дагестан,<75,63
Республика Ингушетия,<75,68
Республика Калмыкия,75-81,
Республика Карелия,82-88,
Республика Коми,82-88,
Республика Марий Эл,75-81,
Республика Мордовия,75-81,
Республика Саха (Якутия),>=89,
Республика Северная Осетия — Алания,<75,70
Республика Татарстан,82-88,
Республика Тыва,82-88,
Республика Хакасия,75-81,
Рязанская область,82-88,
Самарская область,75-81,
Санкт-Петербург,82-88,
Саратовская область,75-81,
Сахалинская область,82-88,
Свердловская область,82-88,
Смоленская область,75-81,
Ставропольский край,<75,
Тамбовская область,75-81,
Тверская область,82-88,
Томская область,82-88,
Тульская область,75-81,
Тюменская область,82-88,
Удмуртская Республика,75-81,
Ульяновская область,75-81,
Хабаровский край,82-88,
Ханты-Мансийский автономный округ — Югра,>=89,90
Челябинская область,75-81,
Чеченская Республика,75-81,
Чувашская Республика,75-81,
Чукотский автономный округ,>=89,
Ямало-Ненецкий автономный округ,>=89,92
Ярославская область,82-88,
